Cell,Celltype,Batch
AAGTGAATCCTGTAGA.4,Endothelial,GSE16
ATGAGGGGTACGAAAT.4,Endothelial,GSE16
ATAGAGAAGCGTCAGA.4,Fibroblasts,GSE16
TAGTGCACAGATTAAG.4,Fibroblasts,GSE16
cell_050.038_A_5,Ductal,GSE11
cell_027.076_B_3,Ductal,GSE11
ATCCGTCCAACTAGAA.2,CD8T,GSE16
GACTTCCAGGCTAACG.4,Endothelial,GSE16
cell_374.330_A_3,Ductal,GSE11
TATCCTAGTATCCCTC.5,Mono/Macro,GSE16
CATTTCAAGTACCCTA.5,Mono/Macro,GSE16
GCTGGGTAGGAGTCTG.5,CD8T,GSE16
GTCTCACTCTCATGGA.5,Endothelial,GSE16
GATTGGTGTTTGGCTA.4,Endothelial,GSE16
cell_374.332_A_1,Ductal,GSE11
AAACCCAGTACAATAG.5,Endothelial,GSE16
CACTGTCTCATTTACC.4,Fibroblasts,GSE16
ATCTCTAGTAAGATTG.5,Endothelial,GSE16
ACCCAAACAGCCGTTG.4,Fibroblasts,GSE16
GAGTTACCATGAAGCG.5,Mono/Macro,GSE16
CACCAAAAGGGTAGCT.5,Endothelial,GSE16
GATCATGTCCCTGGTT.4,CD8T,GSE16
cell_013.108_A_1,CD8T,GSE11
CTCCAACTCCTCCACA.5,Endothelial,GSE16
AGTCACAGTTAAGAAC.4,Endothelial,GSE16
TAAGCACCACAGTCGC.5,Endothelial,GSE16
GCAACCGAGTTTCTTC.4,Endothelial,GSE16
GTCAGCGCACCGGAAA.5,Endothelial,GSE16
TTCCGGTGTATGTGTC.4,Fibroblasts,GSE16
TCAATTCCAATGTCTG.4,Fibroblasts,GSE16
ATTCATCCACTACGGC.2,CD8T,GSE16
CGCCAGAGTTTGATCG.5,Endothelial,GSE16
GGGTCACGTGTCCGGT.5,Fibroblasts,GSE16
CGACAGCGTAATGTGA.4,Mono/Macro,GSE16
TTGGGTATCGCTTTAT.5,Fibroblasts,GSE16
AGCATCATCACTGATG.5,Endothelial,GSE16
TTCCGGTCACAGTATC.4,Endothelial,GSE16
TCACAAGTCATGGAGG.2,CD8T,GSE16
CCTCTAGGTTGACTGT.5,CD8T,GSE16
TTTACCAGTCGAGATG.5,Endothelial,GSE16
GACTCTCCAATAGGAT.4,Endothelial,GSE16
cell_296.344_C_2,Ductal,GSE11
TTAATCCTCGTGGCTG.4,Mono/Macro,GSE16
TAGACTGCATGATCTG.5,Endothelial,GSE16
cell_158.082_A_5,Ductal,GSE11
GCATCGGCAGGACGAT.4,Fibroblasts,GSE16
TCATGCCTCGCCGAGT.5,Endothelial,GSE16
TTTGTTGGTGGCCCAT.4,Fibroblasts,GSE16
cell_166.070_B_3,Ductal,GSE11
ACTTTGTAGAAGCGGG.5,Endothelial,GSE16
cell_277.237_C_2,Ductal,GSE11
CCTCTAGGTTACTCAG.5,Endothelial,GSE16
ATCCCTGAGGTCACAG.2,CD8T,GSE16
cell_269.334_C_4,Ductal,GSE11
cell_099.182_A_2,Mono/Macro,GSE11
GCTTCACCAAATGGTA.5,Endothelial,GSE16
ACGTACATCTCTCTAA.4,Endothelial,GSE16
CAGCAGCCAACTGATC.3,CD8T,GSE16
cell_113.188_B_3,Ductal,GSE11
GATGACTCACCGCTGA.5,CD8T,GSE16
AGGTCTATCTTCCCAG.4,Endothelial,GSE16
TCCACGTTCGATACAC.4,Endothelial,GSE16
TCCTCGAGTGGTTCTA.5,B,GSE16
CGGTCAGCAGAGGCAT.5,Endothelial,GSE16
ACCATTTAGTCCCAAT.2,CD8T,GSE16
cell_364.290_B_2,Ductal,GSE11
TCAATTCCAATGTCTG.4.1,Fibroblasts,GSE16
cell_230.341_C_4,Ductal,GSE11
TCAGTTTGTCTGATCA.5,Endothelial,GSE16
cell_216.052_C_4,Ductal,GSE11
ATCACAGGTGTGCCTG.3,CD8T,GSE16
cell_346.282_A_2,Ductal,GSE11
cell_233.173_B_1,Endothelial,GSE11
GCGGAAACAGCGACCT.5,Fibroblasts,GSE16
cell_261.270_B_3,Ductal,GSE11
cell_360.048_B_3,Ductal,GSE11
GTCGTAAGTCATTGCA.4,Mono/Macro,GSE16
GACACGCGTTCAACGT.4,Fibroblasts,GSE16
CCATAAGTCCACAGCG.4,Endothelial,GSE16
CTTTCGGTCTCAGTCC.4,Endothelial,GSE16
cell_032.010_A_2,Ductal,GSE11
TGGTTAGAGGGTGGGA.5,Endothelial,GSE16
GTTCATTTCACGAGGA.5,Endothelial,GSE16
CGTGAATGTAAGGCCA.5,Endothelial,GSE16
CACCAAAAGTCTAGCT.3,Mono/Macro,GSE16
CATTGCCTCCCTGGTT.2,CD8T,GSE16
CCCATTGAGCAGTCTT.4,Fibroblasts,GSE16
cell_250.102_C_2,Ductal,GSE11
cell_242.243_A_1,Ductal,GSE11
TTACGTTAGTCTTCGA.5,Endothelial,GSE16
cell_108.081_B_3,Ductal,GSE11
cell_367.075_A_4,Ductal,GSE11
CTGAGGCAGGCATCAG.5,Endothelial,GSE16
cell_070.260_A_2,Ductal,GSE11
cell_268.180_A_1,Mono/Macro,GSE11
ATCACAGTCGGTGTTA.4,Fibroblasts,GSE16
CACCGTTCATTACTCT.4,Endothelial,GSE16
GATCGTAGTTCCTAAG.2,CD8T,GSE16
AGGTGTTAGTAGTGCG.4,Endothelial,GSE16
CAGCGTGAGCTCACTA.1,CD8T,GSE16
TACATTCGTAGGAAAG.4,Endothelial,GSE16
CTGAGCGTCTCCTGTG.5,Endothelial,GSE16
ACCAAACCAATCGAAA.5,Endothelial,GSE16
ACGTCCTAGAGCCGTA.5,Endothelial,GSE16
GATCAGTCAGACCTGC.1,Endothelial,GSE16
cell_137.229_A_6,Ductal,GSE11
TGCGGCACAATCTGCA.2,CD8T,GSE16
cell_223.131_B_3,Ductal,GSE11
GCACGGTTCCGTGTAA.4,CD8T,GSE16
CATTGTTGTCGTCATA.3,CD8T,GSE16
CCTGTTGCACTGAATC.2,CD8T,GSE16
CCATCACAGACAGCGT.4,Endothelial,GSE16
cell_002.208_A_5,Ductal,GSE11
GGGTTATAGCGCAATG.1,Fibroblasts,GSE16
CTCCATGGTTCGTAAC.4,CD8T,GSE16
GTTCTATGTTGTCTAG.4,Fibroblasts,GSE16
CACCGTTAGTGGAAAG.2,CD8T,GSE16
cell_256.274_B_3,Ductal,GSE11
CTGTGGGCATGGGAAC.4,Fibroblasts,GSE16
cell_202.075_A_3,Ductal,GSE11
CATTCCGTCGCCACTT.5,Mono/Macro,GSE16
cell_352.078_B_3,Endothelial,GSE11
GCTTCACAGGACTAAT.1,Mono/Macro,GSE16
TCGCTTGTCGTTGTTT.5,Endothelial,GSE16
CGGAGAACAATCTCTT.4,CD8T,GSE16
GTAACCAAGATGCTGG.1,CD8T,GSE16
GTAACCAAGGCCACTC.4,Endothelial,GSE16
TCCCACACAACACAAA.2,CD8T,GSE16
GACTTCCGTAGACGTG.5,Endothelial,GSE16
GTTGTCCGTTCTTCAT.5,Endothelial,GSE16
GCAGGCTCAGTTAAAG.2,CD8T,GSE16
cell_272.077_A_3,Mono/Macro,GSE11
cell_235.082_A_5,Ductal,GSE11
cell_320.343_A_6,Ductal,GSE11
TACGCTCCACCCAATA.5,Endothelial,GSE16
cell_016.267_A_2,Ductal,GSE11
CTCAAGAGTTCGGTTA.4,Endothelial,GSE16
GAGCTGCCAGAAGCTG.4,Endothelial,GSE16
TCCGATCGTAGTTCCA.4,Endothelial,GSE16
cell_305.171_C_3,Ductal,GSE11
cell_159.163_A_3,Ductal,GSE11
AAAGTCCTCGCTAATG.5,CD8T,GSE16
cell_332.262_A_4,Ductal,GSE11
cell_078.360_B_2,Ductal,GSE11
AACTTCTTCGTGGGAA.4,Endothelial,GSE16
GCCAGTGTCTGTCCGT.4,Fibroblasts,GSE16
GGGTAGACAACCACAT.4,Endothelial,GSE16
CACACAACATCCGGTG.3,B,GSE16
ATAGACCTCTAAGAAG.3,CD8T,GSE16
CACCGTTAGTGTTCCA.5,Endothelial,GSE16
CGTGCTTGTCTGTTAG.2,CD8T,GSE16
GGGTGTCGTTTACTTC.4,Fibroblasts,GSE16
cell_066.276_A_2,Ductal,GSE11
CGTAGTATCTAGAACC.5,Endothelial,GSE16
CACCGTTGTCAGTCTA.5,Endothelial,GSE16
cell_267.308_A_1,Ductal,GSE11
TCAATTCCAGGATTCT.5,Endothelial,GSE16
GGCTTTCCAGACCGCT.4,Fibroblasts,GSE16
AAACGCTCAAGGCCTC.4,Endothelial,GSE16
TACCCGTGTTCGTTCC.2,CD8T,GSE16
AAGCGAGCAGCCGGTT.2,Mono/Macro,GSE16
AAGGTAACATCCGATA.4,Fibroblasts,GSE16
TTACCGCAGCTTCATG.4,Fibroblasts,GSE16
GGATCTAGTGCCCGTA.2,CD8T,GSE16
ATCACTTAGTTAACGA.1,Endothelial,GSE16
ATTTACCGTTAGGACG.2,CD8T,GSE16
cell_279.259_C_1,Ductal,GSE11
TCATCCGGTGACTATC.4,Endothelial,GSE16
CCTCTCCGTCAGCGTC.2,Mono/Macro,GSE16
CTCCAACAGGGAGGGT.1,Fibroblasts,GSE16
GAGCCTGTCGCACGGT.5,Mono/Macro,GSE16
CGAAGTTCAAGTCCCG.4,Fibroblasts,GSE16
TTCTAGTGTATGTCCA.5,Endothelial,GSE16
GTCGAATTCGCTGATA.5,Fibroblasts,GSE16
cell_301.289_A_6,Ductal,GSE11
TCCTCCCCATGACTAC.3,CD8T,GSE16
AGTTCGAAGCTCTATG.4,Endothelial,GSE16
cell_337.336_A_1,Ductal,GSE11
ATCATTCTCCGCACTT.4,Fibroblasts,GSE16
CAGTTAGGTGTAGCAG.4,Endothelial,GSE16
GACTCAAGTCCTCCTA.4,Endothelial,GSE16
cell_100.172_B_3,Ductal,GSE11
AGTCTCCGTCTAATCG.4,Endothelial,GSE16
CTCTGGTGTGCCTACG.1,CD8T,GSE16
AGAGAATCAGAGGCTA.1,CD8T,GSE16
GGTGGCTTCGCCAGTG.5,B,GSE16
CCGCAAGTCTTGTTAC.5,Mono/Macro,GSE16
cell_040.307_A_6,Ductal,GSE11
cell_176.219_B_3,Ductal,GSE11
GCCGTGATCAAGAGTA.5,Endothelial,GSE16
CTTCTAACAAATTGCC.4,Mono/Macro,GSE16
CATACTTCACCGGCTA.5,Endothelial,GSE16
AGGCCACAGCCTCTTC.4,Fibroblasts,GSE16
ACAACCAGTCACAGTT.5,Endothelial,GSE16
GATGATCGTGCCGAAA.5,Endothelial,GSE16
CAACCTCGTTAACCTG.5,Endothelial,GSE16
cell_026.333_C_4,Ductal,GSE11
CCGAACGCAGCGAGTA.3,Mono/Macro,GSE16
TGGGAAGAGGGAGGAC.2,CD8T,GSE16
TCCCATGAGGTATTGA.5,Mono/Macro,GSE16